股票代码,股票名称,颜色
688799,华纳药厂,红色
688711,宏微科技,红色
000572,海马汽车,红色
000619,海螺新材,红色
000635,英 力 特,红色
000663,永安林业,红色
000720,新能泰山,红色
000807,云铝股份,红色
000856,冀东装备,红色
000863,三湘印象,红色
688139,海尔生物,红色
688152,麒麟信安,红色
688176,亚虹医药,红色
688203,海正生材,红色
688207,格灵深瞳,红色
688343,云天励飞,红色
605500,森林包装,红色
688026,洁特生物,红色
688038,中科通达,红色
688058,宝兰德,红色
688060,云涌科技,红色
000985,大庆华科,红色
000993,闽东电力,红色
001207,联科科技,红色
001209,洪兴股份,红色
001228,永泰运,红色
001234,泰慕士,红色
001319,铭科精技,红色
001366,播恩集团,红色
001367,海森药业,红色
603912,佳力图,红色
603917,合力科技,红色
603920,世运电路,红色
605069,正和生态,红色
605155,西大门,红色
605162,新中港,红色
605167,利柏特,红色
605177,东亚药业,红色
001368,通达创智,红色
002062,宏润建设,红色
002093,国脉科技,红色
002107,沃华医药,红色
002133,广宇集团,红色
603578,三星新材,红色
603596,伯特利,红色
603600,永艺股份,红色
603628,清源股份,红色
603779,威龙股份,红色
603803,瑞斯康达,红色
603808,歌力思,红色
603818,曲美家居,红色
002212,天融信,红色
002264,新 华 都,红色
002285,世联行,红色
002291,遥望科技,红色
002339,积成电子,红色
002357,富临运业,红色
603282,亚光股份,红色
603289,泰瑞机器,红色
603321,梅轮电梯,红色
603331,百达精工,红色
603336,宏辉果蔬,红色
603439,三力制药,红色
603506,南都物业,红色
603118,共进股份,红色
603122,合富中国,红色
603209,兴通股份,红色
603221,爱丽家居,红色
603231,索宝蛋白,红色
603232,格尔软件,红色
002394,联发股份,红色
002396,星网锐捷,红色
002408,齐翔腾达,红色
002470,金正大,红色
002489,浙江永强,红色
002496,辉丰股份,红色
002516,旷达科技,红色
002564,天沃科技,红色
002596,海南瑞泽,红色
601279,英利汽车,红色
601616,广电电气,红色
601996,丰林集团,红色
603051,鹿山新材,红色
603079,圣达生物,红色
603103,横店影视,红色
603105,芯能科技,红色
002597,金禾实业,红色
002612,朗姿股份,红色
002632,道明光学,红色
002660,茂硕电源,红色
002663,普邦股份,红色
002679,福建金森,红色
002682,龙洲股份,红色
002692,远程股份,红色
002696,百洋股份,红色
002702,海欣食品,红色
600838,上海九百,红色
600876,凯盛新能,红色
600893,航发动力,红色
600969,郴电国际,红色
002748,世龙实业,红色
002788,鹭燕医药,红色
002798,帝欧水华,红色
002800,天顺股份,红色
002802,洪汇新材,红色
002813,路畅科技,红色
002825,纳尔股份,红色
002827,高争民爆,红色
002853,皮阿诺,红色
002862,实丰文化,红色
600689,上海三毛,红色
600758,辽宁能源,红色
600776,东方通信,红色
600778,友好集团,红色
600802,福建水泥,红色
002882,金龙羽,红色
002905,金逸影视,红色
002906,华阳集团,红色
002912,中新赛克,红色
002918,蒙娜丽莎,红色
002973,侨银股份,红色
003028,振邦智能,红色
003029,吉大正元,红色
600405,动力源,红色
600449,宁夏建材,红色
600468,百利电气,红色
600506,统一股份,红色
600603,广汇物流,红色
600103,青山纸业,红色
600159,大龙地产,红色
600189,泉阳泉,红色
600192,长城电工,红色
600278,东方创业,红色
600303,曙光股份,红色
600316,洪都航空,红色
300018,中元股份,红色
300050,世纪鼎利,红色
300112,万讯自控,红色
301380,挖金客,红色
301505,苏州规划,红色
301533,威马农机,红色
301568,思泰克,红色
301578,辰奕智能,红色
301633,港迪技术,红色
301136,招标股份,红色
301209,联合化学,红色
301212,联盛化学,红色
301223,中荣股份,红色
301231,荣信文化,红色
301299,卓创资讯,红色
301320,豪江智能,红色
301323,新莱福,红色
301355,南王科技,红色
301359,东南电子,红色
300154,瑞凌股份,红色
300275,梅安森,红色
300291,百纳千成,红色
300300,海峡创新,红色
300411,金盾股份,红色
300949,奥雅股份,红色
300977,深圳瑞捷,红色
301001,凯淳股份,红色
301008,宏昌科技,红色
301016,雷尔伟,红色
301025,读客文化,红色
301059,金三江,红色
301088,戎美股份,红色
301105,鸿铭股份,红色
301113,雅艺科技,红色
301122,采纳股份,红色
300418,昆仑万维,红色
300452,山河药辅,红色
300498,温氏股份,红色
300517,海波重科,红色
300523,辰安科技,红色
300551,古鳌科技,红色
300559,佳发教育,红色
300577,开润股份,红色
300770,新媒股份,红色
300793,佳禾智能,红色
300798,锦鸡股份,红色
300813,泰林生物,红色
300829,金丹科技,红色
300839,博汇股份,红色
300841,康华生物,红色
300895,铜牛信息,红色
300904,威力传动,红色
300911,亿田智能,红色
300917,特发服务,红色
000014,沙河股份,红色
000020,深华发Ａ,红色
000039,中集集团,红色
000068,华控赛格,红色
000536,华映科技,红色
000532,华金资本,红色
000560,我爱我家,红色
000561,烽火电子,红色
688426,康为世纪,红色
688660,电气风电,红色
688670,金迪克,红色
688701,卓锦股份,蓝色
688639,华恒生物,蓝色
688629,华丰科技,蓝色
688617,惠泰医疗,蓝色
688612,威迈斯,蓝色
688562,航天软件,蓝色
688556,高测股份,蓝色
688525,XD佰维存,蓝色
688522,纳睿雷达,蓝色
688521,芯原股份,蓝色
688484,南芯科技,蓝色
688439,振华风光,蓝色
688362,甬矽电子,蓝色
000533,顺钠股份,蓝色
000526,学大教育,蓝色
000506,招金黄金,蓝色
000409,云鼎科技,蓝色
000151,中成股份,蓝色
000088,盐 田 港,蓝色
000035,中国天楹,蓝色
000017,深中华A,蓝色
300933,中辰股份,蓝色
300932,三友联众,蓝色
300927,江天化学,蓝色
300918,南山智尚,蓝色
300905,宝丽迪,蓝色
300901,中胤时尚,蓝色
300881,盛德鑫泰,蓝色
300872,天阳科技,蓝色
300846,首都在线,蓝色
300833,浩洋股份,蓝色
300800,力合科技,蓝色
300766,每日互动,蓝色
300762,上海瀚讯,蓝色
300746,汉嘉数智,蓝色
300737,科顺股份,蓝色
300698,万马科技,蓝色
300699,光威复材,蓝色
300668,杰恩股份,蓝色
300659,中孚信息,蓝色
300660,江苏雷利,蓝色
300608,思特奇,蓝色
300571,平治信息,蓝色
300565,科信技术,蓝色
300483,首华燃气,蓝色
300458,全志科技,蓝色
300448,浩云科技,蓝色
300443,金雷股份,蓝色
300438,鹏辉能源,蓝色
300435,中泰股份,蓝色
301082,久盛电气,蓝色
301052,果麦文化,蓝色
301000,肇民科技,蓝色
300955,嘉亨家化,蓝色
300953,震裕科技,蓝色
300354,东华测试,蓝色
300321,同大股份,蓝色
300311,任子行,蓝色
300310,宜通世纪,蓝色
300306,远方信息,蓝色
300296,利亚德,蓝色
300226,上海钢联,蓝色
300189,神农种业,蓝色
300183,东软载波,蓝色
300182,捷成股份,蓝色
300174,元力股份,蓝色
301362,民爆光电,蓝色
301361,众智科技,蓝色
301311,昆船智能,蓝色
301215,中汽股份,蓝色
301173,毓恬冠佳,蓝色
301125,腾亚精工,蓝色
301632,广东建科,蓝色
301609,山大电力,蓝色
301606,绿联科技,蓝色
301556,托普云农,蓝色
301539,宏鑫科技,蓝色
301502,华阳智能,蓝色
301459,丰茂股份,蓝色
301396,宏景科技,蓝色
301388,欣灵电气,蓝色
301369,联动科技,蓝色
300136,信维通信,蓝色
300135,宝利国际,蓝色
300133,华策影视,蓝色
300134,大富科技,蓝色
300121,阳谷华泰,蓝色
300111,向日葵,蓝色
300100,双林股份,蓝色
300099,尤洛卡,蓝色
300032,金龙机电,蓝色
300031,宝通科技,蓝色
300025,华星创业,蓝色
003042,中农联合,蓝色
003040,楚天龙,蓝色
600358,国旅联合,蓝色
600336,澳柯玛,蓝色
600313,农发种业,蓝色
600287,苏豪时尚,蓝色
600212,绿能慧充,蓝色
600141,兴发集团,蓝色
600115,中国东航,蓝色
600072,中船科技,蓝色
301662,宏工科技,蓝色
600623,华谊集团,蓝色
600613,神奇制药,蓝色
600592,龙溪股份,蓝色
600562,国睿科技,蓝色
600547,山东黄金,蓝色
600540,新赛股份,蓝色
600527,江南高纤,蓝色
600418,江淮汽车,蓝色
600416,湘电股份,蓝色
600382,广东明珠,蓝色
600363,联创光电,蓝色
003021,兆威机电,蓝色
003010,若羽臣,蓝色
002989,中天精装,蓝色
002949,华阳国际,蓝色
002922,伊戈尔,蓝色
002909,集泰股份,蓝色
002879,长缆科技,蓝色
002868,绿康生化,蓝色
600777,新潮能源,蓝色
600774,汉商集团,蓝色
600773,西藏城投,蓝色
600726,华电能源,蓝色
600722,金牛化工,蓝色
600699,均胜电子,蓝色
600698,湖南天雁,蓝色
600686,金龙汽车,蓝色
600676,久事动娱,蓝色
600658,电子城,蓝色
600643,爱建集团,蓝色
002865,钧达股份,蓝色
002855,捷荣技术,蓝色
002852,道道全,蓝色
002838,道恩股份,蓝色
002829,星网宇达,蓝色
002820,桂发祥,蓝色
601127,赛力斯,蓝色
601126,四方股份,蓝色
601113,华鼎股份,蓝色
601083,锦江航运,蓝色
600989,宝丰能源,蓝色
600930,华电新能,蓝色
600903,贵州燃气,蓝色
600883,博闻科技,蓝色
600875,东方电气,蓝色
600865,百大集团,蓝色
600850,电科数字,蓝色
600845,宝信软件,蓝色
002733,雄韬股份,蓝色
002714,牧原股份,蓝色
002681,奋达科技,蓝色
002651,利君股份,蓝色
002648,卫星化学,蓝色
002602,世纪华通,蓝色
603101,汇嘉时代,蓝色
603098,森特股份,蓝色
603066,音飞储存,蓝色
603033,三维股份,蓝色
603029,天鹅股份,蓝色
603017,中衡设计,蓝色
601519,大智慧,蓝色
601226,华电科工,蓝色
601212,白银有色,蓝色
002578,闽发铝业,蓝色
002486,嘉麟杰,蓝色
002532,天山铝业,蓝色
002492,恒基达鑫,蓝色
002488,金固股份,蓝色
002454,松芝股份,蓝色
002451,摩恩电气,蓝色
603256,宏和科技,蓝色
603211,晋拓股份,蓝色
603196,璞源材料,蓝色
603187,海容冷链,蓝色
603182,嘉华股份,蓝色
603179,新泉股份,蓝色
603176,汇通集团,蓝色
603160,汇顶科技,蓝色
603151,邦基科技,蓝色
603126,中材节能,蓝色
603528,多伦科技,蓝色
603505,金石资源,蓝色
603501,豪威集团,蓝色
603416,信捷电气,蓝色
603376,大明电子,蓝色
603326,我乐家居,蓝色
603305,旭升集团,蓝色
603281,江瀚新材,蓝色
603262,技源集团,蓝色
002365,永安药业,蓝色
002364,中恒电气,蓝色
002350,北京科锐,蓝色
002342,巨力索具,蓝色
002284,亚太股份,蓝色
002258,利尔化学,蓝色
002259,升达林业,蓝色
002247,聚力文化,蓝色
002215,诺 普 信,蓝色
002208,合肥城建,蓝色
603887,城地香江,蓝色
603878,武进不锈,蓝色
603863,松炀资源,蓝色
603836,海程邦达,蓝色
603819,神力股份,蓝色
603829,洛凯股份,蓝色
603638,艾迪精密,蓝色
603598,引力传媒,蓝色
002209,达 意 隆,蓝色
002181,粤 传 媒,蓝色
002178,延华智能,蓝色
002105,信隆健康,蓝色
002100,天康生物,蓝色
002084,海鸥住工,蓝色
002079,苏州固锝,蓝色
002050,三花智控,蓝色
002049,紫光国微,蓝色
002048,宁波华翔,蓝色
002036,联创电子,蓝色
605068,明新旭腾,蓝色
605077,华康股份,蓝色
603992,松霖科技,蓝色
603969,银龙股份,蓝色
603949,雪龙集团,蓝色
603931,格林达,蓝色
603898,好莱客,蓝色
603900,莱绅通灵,蓝色
000715,中兴商业,蓝色
001330,博纳影业,蓝色
001300,三柏硕,蓝色
001286,陕西能源,蓝色
001215,千味央厨,蓝色
000998,隆平高科,蓝色
000936,华西股份,蓝色
688106,金宏气体,蓝色
688100,威胜信息,蓝色
688093,世华科技,蓝色
688091,上海谊众,蓝色
688088,虹软科技,蓝色
688055,龙腾光电,蓝色
688041,海光信息,蓝色
688027,国盾量子,蓝色
688015,交控科技,蓝色
605389,长龄液压,蓝色
605255,天普股份,蓝色
688337,普源精电,蓝色
688327,云从科技,蓝色
688273,麦澜德,蓝色
688257,新锐股份,蓝色
688226,威腾电气,蓝色
688186,广大特材,蓝色
688166,博瑞医药,蓝色
688153,唯捷创芯,蓝色
688151,华强科技,蓝色
688119,中钢洛耐,蓝色
000902,新洋丰,蓝色
000892,欢瑞世纪,蓝色
000890,法尔胜,蓝色
000735,罗 牛 山,蓝色
000681,视觉中国,蓝色
000678,襄阳轴承,蓝色
000626,远大控股,蓝色
000596,古井贡酒,蓝色
688729,屹唐股份,蓝色
688776,国光电气,蓝色
688786,悦安新材,蓝色
000012,南  玻Ａ,蓝色
000001,平安银行,蓝色
