股票代码,股票名称,周线动力颜色,位置
688612,威迈斯,蓝色,价值区间内
688639,华恒生物,蓝色,价值区间内
688617,惠泰医疗,蓝色,价值区间内
688556,高测股份,蓝色,价值区间内
688522,纳睿雷达,蓝色,价值区间内
688525,XD佰维存,蓝色,价值区间内
688439,振华风光,蓝色,价值区间内
300668,杰恩股份,蓝色,价值区间内
300659,中孚信息,蓝色,价值区间内
300565,科信技术,蓝色,价值区间内
300571,平治信息,蓝色,价值区间内
300458,全志科技,蓝色,价值区间内
300435,中泰股份,蓝色,价值区间内
300354,东华测试,蓝色,价值区间内
300226,上海钢联,蓝色,价值区间内
300189,神农种业,蓝色,价值区间内
300174,元力股份,蓝色,价值区间内
301539,宏鑫科技,蓝色,价值区间内
300136,信维通信,蓝色,价值区间内
300100,双林股份,蓝色,价值区间内
600313,农发种业,蓝色,价值区间内
600072,中船科技,蓝色,价值区间内
600540,新赛股份,蓝色,价值区间内
600363,联创光电,蓝色,价值区间内
003010,若羽臣,蓝色,价值区间内
002949,华阳国际,蓝色,价值区间内
600722,金牛化工,蓝色,价值区间内
600676,久事动娱,蓝色,价值区间内
002865,钧达股份,蓝色,价值区间内
002829,星网宇达,蓝色,价值区间内
002838,道恩股份,蓝色,价值区间内
600930,华电新能,蓝色,价值区间内
601126,四方股份,蓝色,价值区间内
002733,雄韬股份,蓝色,价值区间内
600865,百大集团,蓝色,价值区间内
002602,世纪华通,蓝色,价值区间内
603033,三维股份,蓝色,价值区间内
002578,闽发铝业,蓝色,价值区间内
603196,璞源材料,蓝色,价值区间内
603176,汇通集团,蓝色,价值区间内
603151,邦基科技,蓝色,价值区间内
603126,中材节能,蓝色,价值区间内
603505,金石资源,蓝色,价值区间内
603501,豪威集团,蓝色,价值区间内
603416,信捷电气,蓝色,价值区间内
603305,旭升集团,蓝色,价值区间内
603836,海程邦达,蓝色,价值区间内
002209,达 意 隆,蓝色,价值区间内
002084,海鸥住工,蓝色,价值区间内
002079,苏州固锝,蓝色,价值区间内
002050,三花智控,蓝色,价值区间内
002049,紫光国微,蓝色,价值区间内
002048,宁波华翔,蓝色,价值区间内
603969,银龙股份,蓝色,价值区间内
603900,莱绅通灵,蓝色,价值区间内
001215,千味央厨,蓝色,价值区间内
688093,世华科技,蓝色,价值区间内
000936,华西股份,蓝色,价值区间内
688055,龙腾光电,蓝色,价值区间内
688041,海光信息,蓝色,价值区间内
688027,国盾量子,蓝色,价值区间内
688327,云从科技,蓝色,价值区间内
688273,麦澜德,蓝色,价值区间内
688226,威腾电气,蓝色,价值区间内
000892,欢瑞世纪,蓝色,价值区间内
000735,罗 牛 山,蓝色,价值区间内
000626,远大控股,蓝色,价值区间内
688776,国光电气,蓝色,价值区间内
000001,平安银行,蓝色,价值区间内
688701,卓锦股份,蓝色,价值区间下
688562,航天软件,蓝色,价值区间下
000526,学大教育,蓝色,价值区间下
000533,顺钠股份,蓝色,价值区间下
000151,中成股份,蓝色,价值区间下
000409,云鼎科技,蓝色,价值区间下
000506,招金黄金,蓝色,价值区间下
000088,盐 田 港,蓝色,价值区间下
300933,中辰股份,蓝色,价值区间下
300927,江天化学,蓝色,价值区间下
000035,中国天楹,蓝色,价值区间下
000017,深中华A,蓝色,价值区间下
300901,中胤时尚,蓝色,价值区间下
300872,天阳科技,蓝色,价值区间下
300881,盛德鑫泰,蓝色,价值区间下
300766,每日互动,蓝色,价值区间下
300800,力合科技,蓝色,价值区间下
300762,上海瀚讯,蓝色,价值区间下
300737,科顺股份,蓝色,价值区间下
300699,光威复材,蓝色,价值区间下
300660,江苏雷利,蓝色,价值区间下
300608,思特奇,蓝色,价值区间下
300483,首华燃气,蓝色,价值区间下
300448,浩云科技,蓝色,价值区间下
300438,鹏辉能源,蓝色,价值区间下
301052,果麦文化,蓝色,价值区间下
301082,久盛电气,蓝色,价值区间下
300955,嘉亨家化,蓝色,价值区间下
300310,宜通世纪,蓝色,价值区间下
300306,远方信息,蓝色,价值区间下
300296,利亚德,蓝色,价值区间下
300182,捷成股份,蓝色,价值区间下
301173,毓恬冠佳,蓝色,价值区间下
301311,昆船智能,蓝色,价值区间下
301215,中汽股份,蓝色,价值区间下
301125,腾亚精工,蓝色,价值区间下
301632,广东建科,蓝色,价值区间下
301609,山大电力,蓝色,价值区间下
301556,托普云农,蓝色,价值区间下
301388,欣灵电气,蓝色,价值区间下
300133,华策影视,蓝色,价值区间下
300134,大富科技,蓝色,价值区间下
300135,宝利国际,蓝色,价值区间下
300121,阳谷华泰,蓝色,价值区间下
300111,向日葵,蓝色,价值区间下
300025,华星创业,蓝色,价值区间下
003042,中农联合,蓝色,价值区间下
003040,楚天龙,蓝色,价值区间下
600358,国旅联合,蓝色,价值区间下
600336,澳柯玛,蓝色,价值区间下
600287,苏豪时尚,蓝色,价值区间下
600141,兴发集团,蓝色,价值区间下
600212,绿能慧充,蓝色,价值区间下
600115,中国东航,蓝色,价值区间下
600623,华谊集团,蓝色,价值区间下
600592,龙溪股份,蓝色,价值区间下
600613,神奇制药,蓝色,价值区间下
600562,国睿科技,蓝色,价值区间下
600547,山东黄金,蓝色,价值区间下
600527,江南高纤,蓝色,价值区间下
600418,江淮汽车,蓝色,价值区间下
600382,广东明珠,蓝色,价值区间下
600416,湘电股份,蓝色,价值区间下
003021,兆威机电,蓝色,价值区间下
002922,伊戈尔,蓝色,价值区间下
002909,集泰股份,蓝色,价值区间下
002879,长缆科技,蓝色,价值区间下
002868,绿康生化,蓝色,价值区间下
600777,新潮能源,蓝色,价值区间下
600774,汉商集团,蓝色,价值区间下
600726,华电能源,蓝色,价值区间下
600773,西藏城投,蓝色,价值区间下
600698,湖南天雁,蓝色,价值区间下
600686,金龙汽车,蓝色,价值区间下
600643,爱建集团,蓝色,价值区间下
002855,捷荣技术,蓝色,价值区间下
002852,道道全,蓝色,价值区间下
002820,桂发祥,蓝色,价值区间下
601127,赛力斯,蓝色,价值区间下
601113,华鼎股份,蓝色,价值区间下
600989,宝丰能源,蓝色,价值区间下
600903,贵州燃气,蓝色,价值区间下
600883,博闻科技,蓝色,价值区间下
600875,东方电气,蓝色,价值区间下
600850,电科数字,蓝色,价值区间下
002714,牧原股份,蓝色,价值区间下
002681,奋达科技,蓝色,价值区间下
603101,汇嘉时代,蓝色,价值区间下
002648,卫星化学,蓝色,价值区间下
002651,利君股份,蓝色,价值区间下
603098,森特股份,蓝色,价值区间下
603066,音飞储存,蓝色,价值区间下
603017,中衡设计,蓝色,价值区间下
601212,白银有色,蓝色,价值区间下
002492,恒基达鑫,蓝色,价值区间下
002532,天山铝业,蓝色,价值区间下
002488,金固股份,蓝色,价值区间下
002454,松芝股份,蓝色,价值区间下
603211,晋拓股份,蓝色,价值区间下
603187,海容冷链,蓝色,价值区间下
002451,摩恩电气,蓝色,价值区间下
603182,嘉华股份,蓝色,价值区间下
603326,我乐家居,蓝色,价值区间下
603281,江瀚新材,蓝色,价值区间下
603262,技源集团,蓝色,价值区间下
002350,北京科锐,蓝色,价值区间下
002364,中恒电气,蓝色,价值区间下
002365,永安药业,蓝色,价值区间下
002258,利尔化学,蓝色,价值区间下
002342,巨力索具,蓝色,价值区间下
002284,亚太股份,蓝色,价值区间下
002259,升达林业,蓝色,价值区间下
002247,聚力文化,蓝色,价值区间下
603887,城地香江,蓝色,价值区间下
002215,诺 普 信,蓝色,价值区间下
002208,合肥城建,蓝色,价值区间下
603878,武进不锈,蓝色,价值区间下
603863,松炀资源,蓝色,价值区间下
603829,洛凯股份,蓝色,价值区间下
603598,引力传媒,蓝色,价值区间下
603638,艾迪精密,蓝色,价值区间下
002105,信隆健康,蓝色,价值区间下
002100,天康生物,蓝色,价值区间下
002178,延华智能,蓝色,价值区间下
605068,明新旭腾,蓝色,价值区间下
605077,华康股份,蓝色,价值区间下
002036,联创电子,蓝色,价值区间下
603992,松霖科技,蓝色,价值区间下
603949,雪龙集团,蓝色,价值区间下
603898,好莱客,蓝色,价值区间下
001330,博纳影业,蓝色,价值区间下
001286,陕西能源,蓝色,价值区间下
000715,中兴商业,蓝色,价值区间下
000998,隆平高科,蓝色,价值区间下
688100,威胜信息,蓝色,价值区间下
688088,虹软科技,蓝色,价值区间下
688015,交控科技,蓝色,价值区间下
605389,长龄液压,蓝色,价值区间下
605255,天普股份,蓝色,价值区间下
688166,博瑞医药,蓝色,价值区间下
688119,中钢洛耐,蓝色,价值区间下
000902,新洋丰,蓝色,价值区间下
000678,襄阳轴承,蓝色,价值区间下
000681,视觉中国,蓝色,价值区间下
000890,法尔胜,蓝色,价值区间下
000596,古井贡酒,蓝色,价值区间下
000012,南  玻Ａ,蓝色,价值区间下
000663,永安林业,红色,价值区间内
000856,冀东装备,红色,价值区间内
603596,伯特利,红色,价值区间内
002133,广宇集团,红色,价值区间内
603600,永艺股份,红色,价值区间内
002291,遥望科技,红色,价值区间内
603282,亚光股份,红色,价值区间内
603331,百达精工,红色,价值区间内
002394,联发股份,红色,价值区间内
002408,齐翔腾达,红色,价值区间内
002596,海南瑞泽,红色,价值区间内
002564,天沃科技,红色,价值区间内
601616,广电电气,红色,价值区间内
603079,圣达生物,红色,价值区间内
002663,普邦股份,红色,价值区间内
002682,龙洲股份,红色,价值区间内
002696,百洋股份,红色,价值区间内
600893,航发动力,红色,价值区间内
600969,郴电国际,红色,价值区间内
002800,天顺股份,红色,价值区间内
002825,纳尔股份,红色,价值区间内
600758,辽宁能源,红色,价值区间内
600778,友好集团,红色,价值区间内
600192,长城电工,红色,价值区间内
600303,曙光股份,红色,价值区间内
600316,洪都航空,红色,价值区间内
301533,威马农机,红色,价值区间内
300275,梅安森,红色,价值区间内
300411,金盾股份,红色,价值区间内
300949,奥雅股份,红色,价值区间内
300977,深圳瑞捷,红色,价值区间内
301016,雷尔伟,红色,价值区间内
300551,古鳌科技,红色,价值区间内
000039,中集集团,红色,价值区间内
001366,播恩集团,红色,价值区间下
603818,曲美家居,红色,价值区间下
603808,歌力思,红色,价值区间下
002470,金正大,红色,价值区间下
002496,辉丰股份,红色,价值区间下
002692,远程股份,红色,价值区间下
002802,洪汇新材,红色,价值区间下
301578,辰奕智能,红色,价值区间下
301088,戎美股份,红色,价值区间下
300452,山河药辅,红色,价值区间下
300770,新媒股份,红色,价值区间下
