股票代码,股票名称
000001,平安银行
000012,南  玻Ａ
000017,深中华A
000014,沙河股份
000020,深华发Ａ
000035,中国天楹
000039,中集集团
000068,华控赛格
000088,盐 田 港
000151,中成股份
000409,云鼎科技
000425,徐工机械
000506,招金黄金
000526,学大教育
000528,柳    工
000536,华映科技
000533,顺钠股份
000532,华金资本
000560,我爱我家
000561,烽火电子
000572,海马汽车
000596,古井贡酒
000619,海螺新材
000626,远大控股
000635,英 力 特
000663,永安林业
000678,襄阳轴承
000681,视觉中国
000702,正虹科技
000720,新能泰山
000723,美锦能源
000735,罗 牛 山
000807,云铝股份
000856,冀东装备
000881,中广核技
000863,三湘印象
000886,海南高速
000890,法尔胜
000892,欢瑞世纪
000902,新洋丰
000915,华特达因
000936,华西股份
000985,大庆华科
000993,闽东电力
000995,皇台酒业
000998,隆平高科
001207,联科科技
001209,洪兴股份
001215,千味央厨
001228,永泰运
001234,泰慕士
001260,坤泰股份
001286,陕西能源
001300,三柏硕
001319,铭科精技
001330,博纳影业
000715,中兴商业
001366,播恩集团
001367,海森药业
001368,通达创智
002036,联创电子
002048,宁波华翔
002049,紫光国微
002050,三花智控
002062,宏润建设
002073,软控股份
002079,苏州固锝
002084,海鸥住工
002093,国脉科技
002100,天康生物
002105,信隆健康
002104,恒宝股份
002107,沃华医药
002133,广宇集团
002155,湖南黄金
002163,海南发展
002178,延华智能
002181,粤 传 媒
002209,达 意 隆
002212,天融信
002208,合肥城建
002215,诺 普 信
002229,鸿博股份
002247,聚力文化
002259,升达林业
002258,利尔化学
002264,新 华 都
002285,世联行
002284,亚太股份
002291,遥望科技
002313,日海智能
002320,海峡股份
002339,积成电子
002342,巨力索具
002350,北京科锐
002357,富临运业
002364,中恒电气
002365,永安药业
002366,融发核电
002391,长青股份
002394,联发股份
002396,星网锐捷
002408,齐翔腾达
002425,凯撒文化
002451,摩恩电气
002454,松芝股份
002470,金正大
002488,金固股份
002489,浙江永强
002492,恒基达鑫
002496,辉丰股份
002516,旷达科技
002530,金财互联
002532,天山铝业
002557,洽洽食品
002562,兄弟科技
002564,天沃科技
002567,唐人神
002571,德力股份
002486,嘉麟杰
002578,闽发铝业
002596,海南瑞泽
002597,金禾实业
002601,龙佰集团
002602,世纪华通
002609,捷顺科技
002612,朗姿股份
002632,道明光学
002648,卫星化学
002651,利君股份
002660,茂硕电源
002663,普邦股份
002679,福建金森
002682,龙洲股份
002681,奋达科技
002690,美亚光电
002692,远程股份
002696,百洋股份
002702,海欣食品
002714,牧原股份
002733,雄韬股份
002748,世龙实业
002788,鹭燕医药
002798,帝欧水华
002800,天顺股份
002802,洪汇新材
002813,路畅科技
002820,桂发祥
002825,纳尔股份
002827,高争民爆
002829,星网宇达
002838,道恩股份
002852,道道全
002853,皮阿诺
002855,捷荣技术
002862,实丰文化
002865,钧达股份
002868,绿康生化
002879,长缆科技
002882,金龙羽
002891,中宠股份
002905,金逸影视
002906,华阳集团
002909,集泰股份
002912,中新赛克
002918,蒙娜丽莎
002922,伊戈尔
002942,新农股份
002949,华阳国际
002973,侨银股份
002989,中天精装
003002,壶化股份
003010,若羽臣
003021,兆威机电
003028,振邦智能
003029,吉大正元
003040,楚天龙
003042,中农联合
300018,中元股份
300025,华星创业
300031,宝通科技
300032,金龙机电
300050,世纪鼎利
300099,尤洛卡
300100,双林股份
300111,向日葵
300112,万讯自控
300121,阳谷华泰
300134,大富科技
300133,华策影视
300135,宝利国际
300136,信维通信
300154,瑞凌股份
300155,安居宝
300174,元力股份
300182,捷成股份
300183,东软载波
300189,神农种业
300191,潜能恒信
300213,佳讯飞鸿
300226,上海钢联
300250,初灵信息
300256,星星科技
300269,联建光电
300275,梅安森
300276,三丰智能
300291,百纳千成
300296,利亚德
300300,海峡创新
300306,远方信息
300310,宜通世纪
300311,任子行
300321,同大股份
300348,长亮科技
300354,东华测试
300411,金盾股份
300418,昆仑万维
300435,中泰股份
300438,鹏辉能源
300443,金雷股份
300448,浩云科技
300452,山河药辅
300458,全志科技
300468,四方精创
300483,首华燃气
300496,中科创达
300498,温氏股份
300517,海波重科
300523,辰安科技
300546,雄帝科技
300551,古鳌科技
300559,佳发教育
300565,科信技术
300571,平治信息
300577,开润股份
300608,思特奇
300660,江苏雷利
300659,中孚信息
300668,杰恩股份
300699,光威复材
300698,万马科技
300719,安达维尔
300737,科顺股份
300746,汉嘉数智
300762,上海瀚讯
300766,每日互动
300770,新媒股份
300791,仙乐健康
300793,佳禾智能
300798,锦鸡股份
300800,力合科技
300813,泰林生物
300829,金丹科技
300833,浩洋股份
300839,博汇股份
300841,康华生物
300846,首都在线
300872,天阳科技
300881,盛德鑫泰
300895,铜牛信息
300901,中胤时尚
300904,威力传动
300905,宝丽迪
300911,亿田智能
300917,特发服务
300918,南山智尚
300922,天秦装备
300927,江天化学
300932,三友联众
300933,中辰股份
300941,创识科技
300949,奥雅股份
300953,震裕科技
300955,嘉亨家化
300961,深水海纳
300977,深圳瑞捷
301000,肇民科技
301001,凯淳股份
301008,宏昌科技
301016,雷尔伟
301025,读客文化
301027,华蓝集团
301052,果麦文化
301059,金三江
301082,久盛电气
301088,戎美股份
301105,鸿铭股份
301113,雅艺科技
301122,采纳股份
301125,腾亚精工
301136,招标股份
301173,毓恬冠佳
301209,联合化学
301212,联盛化学
301215,中汽股份
301223,中荣股份
301231,荣信文化
301299,卓创资讯
301311,昆船智能
301320,豪江智能
301323,新莱福
301355,南王科技
301359,东南电子
301361,众智科技
301362,民爆光电
301369,联动科技
301380,挖金客
301388,欣灵电气
301396,宏景科技
301459,丰茂股份
301502,华阳智能
301505,苏州规划
301533,威马农机
301539,宏鑫科技
301556,托普云农
301568,思泰克
301578,辰奕智能
301606,绿联科技
301609,山大电力
301632,广东建科
301633,港迪技术
301662,宏工科技
600031,三一重工
600072,中船科技
600103,青山纸业
600115,中国东航
600141,兴发集团
600148,长春一东
600159,大龙地产
600185,珠免集团
600189,泉阳泉
600192,长城电工
600212,绿能慧充
600236,桂冠电力
600278,东方创业
600287,苏豪时尚
600303,曙光股份
600313,农发种业
600316,洪都航空
600328,中盐化工
600336,澳柯玛
600358,国旅联合
600363,联创光电
600382,广东明珠
600405,动力源
600416,湘电股份
600418,江淮汽车
600449,宁夏建材
600468,百利电气
600470,六国化工
600499,科达制造
600506,统一股份
600523,贵航股份
600527,江南高纤
600540,新赛股份
600547,山东黄金
600562,国睿科技
600592,龙溪股份
600603,广汇物流
600613,神奇制药
600623,华谊集团
600643,爱建集团
600658,电子城
600676,久事动娱
600686,金龙汽车
600689,上海三毛
600693,东百集团
600698,湖南天雁
600699,均胜电子
600702,舍得酒业
600716,凤凰股份
600722,金牛化工
600726,华电能源
600758,辽宁能源
600773,西藏城投
600774,汉商集团
600776,东方通信
600777,新潮能源
600778,友好集团
600802,福建水泥
600838,上海九百
600845,宝信软件
600850,电科数字
600859,王府井
600865,百大集团
600875,东方电气
600876,凯盛新能
600883,博闻科技
600893,航发动力
600894,广日股份
600903,贵州燃气
600930,华电新能
600969,郴电国际
600989,宝丰能源
601083,锦江航运
601113,华鼎股份
601126,四方股份
601127,赛力斯
601212,白银有色
601226,华电科工
601279,英利汽车
601519,大智慧
601566,九牧王
601616,广电电气
601818,光大银行
601996,丰林集团
603017,中衡设计
603029,天鹅股份
603033,三维股份
603051,鹿山新材
603066,音飞储存
603079,圣达生物
603081,大丰实业
603098,森特股份
603101,汇嘉时代
603103,横店影视
603105,芯能科技
603118,共进股份
603122,合富中国
603126,中材节能
603151,邦基科技
603160,汇顶科技
603176,汇通集团
603179,新泉股份
603182,嘉华股份
603187,海容冷链
603196,璞源材料
603209,兴通股份
603211,晋拓股份
603216,梦天家居
603221,爱丽家居
603231,索宝蛋白
603232,格尔软件
603256,宏和科技
603258,电魂网络
603262,技源集团
603281,江瀚新材
603282,亚光股份
603289,泰瑞机器
603305,旭升集团
603311,金海高科
603321,梅轮电梯
603326,我乐家居
603331,百达精工
603336,宏辉果蔬
603370,华新精科
603376,大明电子
603379,三美股份
603416,信捷电气
603439,三力制药
603477,巨星农牧
603501,豪威集团
603505,金石资源
603506,南都物业
603528,多伦科技
603578,三星新材
603596,伯特利
603598,引力传媒
603600,永艺股份
603628,清源股份
603638,艾迪精密
603648,畅联股份
603667,五洲新春
603668,天马科技
603686,福龙马
603696,安记食品
603709,中源家居
603721,中广天择
603737,三棵树
603779,威龙股份
603803,瑞斯康达
603801,志邦家居
603808,歌力思
603810,丰山集团
603813,原尚股份
603818,曲美家居
603829,洛凯股份
603819,神力股份
603836,海程邦达
603860,中公高科
603863,松炀资源
603878,武进不锈
603887,城地香江
603900,莱绅通灵
603898,好莱客
603908,牧高笛
603912,佳力图
603917,合力科技
603920,世运电路
603931,格林达
603949,雪龙集团
603969,银龙股份
603992,松霖科技
605077,华康股份
605069,正和生态
605068,明新旭腾
605098,行动教育
605155,西大门
605162,新中港
605167,利柏特
605177,东亚药业
605255,天普股份
605389,长龄液压
605398,新炬网络
605500,森林包装
688015,交控科技
688026,洁特生物
688027,国盾量子
688036,传音控股
688038,中科通达
688041,海光信息
688055,龙腾光电
688058,宝兰德
688060,云涌科技
688088,虹软科技
688091,上海谊众
688093,世华科技
688100,威胜信息
688106,金宏气体
688119,中钢洛耐
688139,海尔生物
688151,华强科技
688152,麒麟信安
688153,唯捷创芯
688166,博瑞医药
688176,亚虹医药
688186,广大特材
688203,海正生材
688207,格灵深瞳
688226,威腾电气
688257,新锐股份
688273,麦澜德
688327,云从科技
688336,三生国健
688337,普源精电
688343,云天励飞
688362,甬矽电子
688426,康为世纪
688439,振华风光
688484,南芯科技
688521,芯原股份
688522,纳睿雷达
688525,XD佰维存
688556,高测股份
688562,航天软件
688612,威迈斯
688617,惠泰医疗
688629,华丰科技
688639,华恒生物
688660,电气风电
688670,金迪克
688701,卓锦股份
688712,北芯生命
688711,宏微科技
688729,屹唐股份
688776,国光电气
688786,悦安新材
688799,华纳药厂
